{"train_loss": [2.471475839614868, 2.479088068008423, 1.640509009361267, 1.8564214706420898, 1.1827239990234375], "val_loss": [3.505890369415283, 2.5339345932006836, 3.1958885192871094, 3.018026113510132, 2.9727325439453125], "train_acc": [25.0, 25.0, 50.0, 25.0, 50.0], "val_acc": [0.0, 0.0, 0.0, 0.0, 0.0]}